{"v":"5.4.1","fr":60,"ip":1,"op":60,"w":300,"h":300,"nm":"Comp 1","ddd":0,"assets":[],"layers":[{"ddd":0,"ind":1,"ty":4,"nm":"Loading... Outlines","sr":1,"ks":{"o":{"a":0,"k":100,"ix":11},"r":{"a":0,"k":0,"ix":10},"p":{"a":0,"k":[166.405,255.5,0],"ix":2},"a":{"a":0,"k":[0,0,0],"ix":1},"s":{"a":0,"k":[100,100,100],"ix":6}},"ao":0,"shapes":[{"ty":"gr","it":[{"ind":0,"ty":"sh","ix":1,"ks":{"a":0,"k":{"i":[[0.017,-0.103],[0,0],[-0.103,0],[0,0],[0,0.103],[0,0],[0.103,0.009],[0,0],[0,0],[0.103,0.017],[0,0]],"o":[[0,0],[0,0.103],[0,0],[0.103,0],[0,0],[0,-0.094],[0,0],[0,0],[0,-0.086],[0,0],[-0.086,0]],"v":[[-54.308,-14.384],[-54.308,-1.206],[-54.154,-1.052],[-44.781,-1.052],[-44.627,-1.206],[-44.627,-2.954],[-44.781,-3.109],[-52.251,-3.109],[-52.251,-14.384],[-52.405,-14.539],[-54.154,-14.539]],"c":true},"ix":2},"nm":"L","mn":"ADBE Vector Shape - Group","hd":false},{"ty":"st","c":{"a":0,"k":[0,0,0,1],"ix":3},"o":{"a":0,"k":100,"ix":4},"w":{"a":0,"k":2,"ix":5},"lc":1,"lj":1,"ml":4,"ml2":{"a":0,"k":4,"ix":8},"nm":"Stroke 1","mn":"ADBE Vector Graphic - Stroke","hd":true},{"ty":"fl","c":{"a":0,"k":[0.325490196078,0.325490196078,0.325490196078,1],"ix":4},"o":{"a":0,"k":100,"ix":5},"r":1,"nm":"Fill 1","mn":"ADBE Vector Graphic - Fill","hd":false},{"ty":"tr","p":{"a":0,"k":[0,0],"ix":2},"a":{"a":0,"k":[0,0],"ix":1},"s":{"a":0,"k":[100,100],"ix":3},"r":{"a":0,"k":0,"ix":6},"o":{"a":0,"k":100,"ix":7},"sk":{"a":0,"k":0,"ix":4},"sa":{"a":0,"k":0,"ix":5},"nm":"Transform"}],"nm":"L","np":3,"cix":2,"ix":1,"mn":"ADBE Vector Group","hd":false},{"ty":"gr","it":[{"ind":0,"ty":"sh","ix":1,"ks":{"a":0,"k":{"i":[[0.017,-0.103],[0,0],[0,0],[0.017,-0.111],[0,0],[-0.103,0],[0,0],[0,0],[-0.111,0],[0,0],[0,0.103],[0,0],[0,0],[0,0.111],[0,0],[0.103,0.017],[0,0],[0,0],[0.111,0.017],[0,0]],"o":[[0,0],[0,0],[-0.086,0],[0,0],[0,0.111],[0,0],[0,0],[0,0.103],[0,0],[0.111,0],[0,0],[0,0],[0.103,0],[0,0],[0,-0.094],[0,0],[0,0],[0,-0.086],[0,0],[-0.094,0]],"v":[[-41.258,-10.489],[-41.258,-8.766],[-42.981,-8.766],[-43.135,-8.599],[-43.135,-3.122],[-42.981,-2.954],[-41.258,-2.954],[-41.258,-1.232],[-41.091,-1.077],[-35.614,-1.077],[-35.447,-1.232],[-35.447,-2.954],[-33.724,-2.954],[-33.57,-3.122],[-33.57,-8.599],[-33.724,-8.766],[-35.447,-8.766],[-35.447,-10.489],[-35.614,-10.643],[-41.091,-10.643]],"c":true},"ix":2},"nm":"o","mn":"ADBE Vector Shape - Group","hd":false},{"ind":1,"ty":"sh","ix":2,"ks":{"a":0,"k":{"i":[[0,0],[0,0],[0,0],[0,0]],"o":[[0,0],[0,0],[0,0],[0,0]],"v":[[-35.614,-8.599],[-35.614,-3.122],[-41.091,-3.122],[-41.091,-8.599]],"c":true},"ix":2},"nm":"o","mn":"ADBE Vector Shape - Group","hd":false},{"ty":"mm","mm":1,"nm":"Merge Paths 1","mn":"ADBE Vector Filter - Merge","hd":false},{"ty":"st","c":{"a":0,"k":[0,0,0,1],"ix":3},"o":{"a":0,"k":100,"ix":4},"w":{"a":0,"k":2,"ix":5},"lc":1,"lj":1,"ml":4,"ml2":{"a":0,"k":4,"ix":8},"nm":"Stroke 1","mn":"ADBE Vector Graphic - Stroke","hd":true},{"ty":"fl","c":{"a":0,"k":[0.325490196078,0.325490196078,0.325490196078,1],"ix":4},"o":{"a":0,"k":100,"ix":5},"r":1,"nm":"Fill 1","mn":"ADBE Vector Graphic - Fill","hd":false},{"ty":"tr","p":{"a":0,"k":[0,0],"ix":2},"a":{"a":0,"k":[0,0],"ix":1},"s":{"a":0,"k":[100,100],"ix":3},"r":{"a":0,"k":0,"ix":6},"o":{"a":0,"k":100,"ix":7},"sk":{"a":0,"k":0,"ix":4},"sa":{"a":0,"k":0,"ix":5},"nm":"Transform"}],"nm":"o","np":5,"cix":2,"ix":2,"mn":"ADBE Vector Group","hd":false},{"ty":"gr","it":[{"ind":0,"ty":"sh","ix":1,"ks":{"a":0,"k":{"i":[[0.017,-0.103],[0,0],[-0.103,0],[0,0],[0,0],[0,0],[0.017,-0.103],[0,0],[0,0],[0.017,-0.103],[0,0],[-0.103,0],[0,0],[0,0],[-0.103,0],[0,0],[0,0.103],[0,0],[0.103,0.017],[0,0],[0,0],[0.103,0.017],[0,0]],"o":[[0,0],[0,0.103],[0,0],[0,0],[0,0],[-0.086,0],[0,0],[0,0],[-0.086,0],[0,0],[0,0.103],[0,0],[0,0],[0,0.103],[0,0],[0.103,0],[0,0],[0,-0.086],[0,0],[0,0],[0,-0.086],[0,0],[-0.086,0]],"v":[[-30.227,-10.502],[-30.227,-8.766],[-30.073,-8.612],[-24.57,-8.612],[-24.57,-6.876],[-30.073,-6.876],[-30.227,-6.722],[-30.227,-4.999],[-31.963,-4.999],[-32.117,-4.844],[-32.117,-3.109],[-31.963,-2.954],[-30.227,-2.954],[-30.227,-1.219],[-30.073,-1.064],[-22.68,-1.064],[-22.525,-1.219],[-22.525,-8.612],[-22.68,-8.766],[-24.415,-8.766],[-24.415,-10.502],[-24.57,-10.656],[-30.073,-10.656]],"c":true},"ix":2},"nm":"a","mn":"ADBE Vector Shape - Group","hd":false},{"ind":1,"ty":"sh","ix":2,"ks":{"a":0,"k":{"i":[[0,0],[0,0],[0,0],[0,0]],"o":[[0,0],[0,0],[0,0],[0,0]],"v":[[-24.57,-4.844],[-24.57,-3.109],[-30.073,-3.109],[-30.073,-4.844]],"c":true},"ix":2},"nm":"a","mn":"ADBE Vector Shape - Group","hd":false},{"ty":"mm","mm":1,"nm":"Merge Paths 1","mn":"ADBE Vector Filter - Merge","hd":false},{"ty":"st","c":{"a":0,"k":[0,0,0,1],"ix":3},"o":{"a":0,"k":100,"ix":4},"w":{"a":0,"k":2,"ix":5},"lc":1,"lj":1,"ml":4,"ml2":{"a":0,"k":4,"ix":8},"nm":"Stroke 1","mn":"ADBE Vector Graphic - Stroke","hd":true},{"ty":"fl","c":{"a":0,"k":[0.325490196078,0.325490196078,0.325490196078,1],"ix":4},"o":{"a":0,"k":100,"ix":5},"r":1,"nm":"Fill 1","mn":"ADBE Vector Graphic - Fill","hd":false},{"ty":"tr","p":{"a":0,"k":[0,0],"ix":2},"a":{"a":0,"k":[0,0],"ix":1},"s":{"a":0,"k":[100,100],"ix":3},"r":{"a":0,"k":0,"ix":6},"o":{"a":0,"k":100,"ix":7},"sk":{"a":0,"k":0,"ix":4},"sa":{"a":0,"k":0,"ix":5},"nm":"Transform"}],"nm":"a","np":5,"cix":2,"ix":3,"mn":"ADBE Vector Group","hd":false},{"ty":"gr","it":[{"ind":0,"ty":"sh","ix":1,"ks":{"a":0,"k":{"i":[[0.017,-0.103],[0,0],[0,0],[0,0],[0.103,0.017],[0,0],[0.017,-0.111],[0,0],[0,0],[0.017,-0.103],[0,0],[-0.103,0],[0,0],[0,0],[-0.103,0],[0,0],[0,0.103],[0,0],[0.111,0.017],[0,0]],"o":[[0,0],[0,0],[0,0],[0,-0.094],[0,0],[-0.086,0],[0,0],[0,0],[-0.086,0],[0,0],[0,0.103],[0,0],[0,0],[0,0.103],[0,0],[0.111,0],[0,0],[0,-0.086],[0,0],[-0.086,0]],"v":[[-13.525,-14.346],[-13.525,-8.804],[-15.274,-8.804],[-15.274,-10.54],[-15.428,-10.707],[-19.067,-10.707],[-19.221,-10.54],[-19.221,-8.804],[-20.97,-8.804],[-21.124,-8.65],[-21.124,-3.109],[-20.97,-2.954],[-19.221,-2.954],[-19.221,-1.206],[-19.067,-1.052],[-11.635,-1.052],[-11.468,-1.206],[-11.468,-14.346],[-11.635,-14.5],[-13.371,-14.5]],"c":true},"ix":2},"nm":"d","mn":"ADBE Vector Shape - Group","hd":false},{"ind":1,"ty":"sh","ix":2,"ks":{"a":0,"k":{"i":[[0,0],[0,0],[-0.103,0],[0,0],[0,0],[0,0],[0,0]],"o":[[0,0],[0,0.103],[0,0],[0,0],[0,0],[0,0],[0,0]],"v":[[-15.428,-8.65],[-15.428,-6.902],[-15.274,-6.747],[-13.525,-6.747],[-13.525,-3.109],[-19.067,-3.109],[-19.067,-8.65]],"c":true},"ix":2},"nm":"d","mn":"ADBE Vector Shape - Group","hd":false},{"ty":"mm","mm":1,"nm":"Merge Paths 1","mn":"ADBE Vector Filter - Merge","hd":false},{"ty":"st","c":{"a":0,"k":[0,0,0,1],"ix":3},"o":{"a":0,"k":100,"ix":4},"w":{"a":0,"k":2,"ix":5},"lc":1,"lj":1,"ml":4,"ml2":{"a":0,"k":4,"ix":8},"nm":"Stroke 1","mn":"ADBE Vector Graphic - Stroke","hd":true},{"ty":"fl","c":{"a":0,"k":[0.325490196078,0.325490196078,0.325490196078,1],"ix":4},"o":{"a":0,"k":100,"ix":5},"r":1,"nm":"Fill 1","mn":"ADBE Vector Graphic - Fill","hd":false},{"ty":"tr","p":{"a":0,"k":[0,0],"ix":2},"a":{"a":0,"k":[0,0],"ix":1},"s":{"a":0,"k":[100,100],"ix":3},"r":{"a":0,"k":0,"ix":6},"o":{"a":0,"k":100,"ix":7},"sk":{"a":0,"k":0,"ix":4},"sa":{"a":0,"k":0,"ix":5},"nm":"Transform"}],"nm":"d","np":5,"cix":2,"ix":4,"mn":"ADBE Vector Group","hd":false},{"ty":"gr","it":[{"ind":0,"ty":"sh","ix":1,"ks":{"a":0,"k":{"i":[[0.017,-0.103],[0,0],[-0.103,0],[0,0],[0,0.103],[0,0],[0.103,0.017],[0,0]],"o":[[0,0],[0,0.103],[0,0],[0.103,0],[0,0],[0,-0.086],[0,0],[-0.086,0]],"v":[[-6.326,-14.41],[-6.326,-12.662],[-6.171,-12.507],[-4.423,-12.507],[-4.268,-12.662],[-4.268,-14.41],[-4.423,-14.564],[-6.171,-14.564]],"c":true},"ix":2},"nm":"i","mn":"ADBE Vector Shape - Group","hd":false},{"ind":1,"ty":"sh","ix":2,"ks":{"a":0,"k":{"i":[[0.017,-0.103],[0,0],[-0.103,0],[0,0],[0,0],[0,0],[0.017,-0.103],[0,0],[-0.103,0],[0,0],[0,0.103],[0,0],[0.111,0.017],[0,0],[0,0],[0.103,0.017],[0,0]],"o":[[0,0],[0,0.111],[0,0],[0,0],[0,0],[-0.086,0],[0,0],[0,0.103],[0,0],[0.111,0],[0,0],[0,-0.086],[0,0],[0,0],[0,-0.086],[0,0],[-0.086,0]],"v":[[-8.228,-10.604],[-8.228,-8.869],[-8.074,-8.702],[-6.326,-8.702],[-6.326,-3.16],[-8.074,-3.16],[-8.228,-3.006],[-8.228,-1.257],[-8.074,-1.103],[-2.533,-1.103],[-2.366,-1.257],[-2.366,-3.006],[-2.533,-3.16],[-4.268,-3.16],[-4.268,-10.604],[-4.423,-10.759],[-8.074,-10.759]],"c":true},"ix":2},"nm":"i","mn":"ADBE Vector Shape - Group","hd":false},{"ty":"mm","mm":1,"nm":"Merge Paths 1","mn":"ADBE Vector Filter - Merge","hd":false},{"ty":"st","c":{"a":0,"k":[0,0,0,1],"ix":3},"o":{"a":0,"k":100,"ix":4},"w":{"a":0,"k":2,"ix":5},"lc":1,"lj":1,"ml":4,"ml2":{"a":0,"k":4,"ix":8},"nm":"Stroke 1","mn":"ADBE Vector Graphic - Stroke","hd":true},{"ty":"fl","c":{"a":0,"k":[0.325490196078,0.325490196078,0.325490196078,1],"ix":4},"o":{"a":0,"k":100,"ix":5},"r":1,"nm":"Fill 1","mn":"ADBE Vector Graphic - Fill","hd":false},{"ty":"tr","p":{"a":0,"k":[0,0],"ix":2},"a":{"a":0,"k":[0,0],"ix":1},"s":{"a":0,"k":[100,100],"ix":3},"r":{"a":0,"k":0,"ix":6},"o":{"a":0,"k":100,"ix":7},"sk":{"a":0,"k":0,"ix":4},"sa":{"a":0,"k":0,"ix":5},"nm":"Transform"}],"nm":"i","np":5,"cix":2,"ix":5,"mn":"ADBE Vector Group","hd":false},{"ty":"gr","it":[{"ind":0,"ty":"sh","ix":1,"ks":{"a":0,"k":{"i":[[0.017,-0.103],[0,0],[-0.103,0],[0,0],[0,0.103],[0,0],[0,0],[0,0.103],[0,0],[0,0],[0,0],[-0.111,0],[0,0],[0,0.103],[0,0],[0.103,0.017],[0,0],[0,0],[0.111,0.017],[0,0],[0.017,-0.103],[0,0],[0,0],[0,0],[0.111,0.017],[0,0]],"o":[[0,0],[0,0.103],[0,0],[0.111,0],[0,0],[0,0],[0.103,0],[0,0],[0,0],[0,0],[0,0.103],[0,0],[0.103,0],[0,0],[0,-0.094],[0,0],[0,0],[0,-0.086],[0,0],[-0.086,0],[0,0],[0,0],[0,0],[0,-0.086],[0,0],[-0.086,0]],"v":[[0.913,-10.502],[0.913,-1.244],[1.067,-1.09],[2.79,-1.09],[2.957,-1.244],[2.957,-6.734],[4.68,-6.734],[4.834,-6.889],[4.834,-8.612],[8.434,-8.612],[8.434,-1.244],[8.601,-1.09],[10.324,-1.09],[10.479,-1.244],[10.479,-8.612],[10.324,-8.779],[8.601,-8.779],[8.601,-10.502],[8.434,-10.656],[4.834,-10.656],[4.68,-10.502],[4.68,-8.779],[2.957,-8.779],[2.957,-10.502],[2.79,-10.656],[1.067,-10.656]],"c":true},"ix":2},"nm":"n","mn":"ADBE Vector Shape - Group","hd":false},{"ty":"st","c":{"a":0,"k":[0,0,0,1],"ix":3},"o":{"a":0,"k":100,"ix":4},"w":{"a":0,"k":2,"ix":5},"lc":1,"lj":1,"ml":4,"ml2":{"a":0,"k":4,"ix":8},"nm":"Stroke 1","mn":"ADBE Vector Graphic - Stroke","hd":true},{"ty":"fl","c":{"a":0,"k":[0.325490196078,0.325490196078,0.325490196078,1],"ix":4},"o":{"a":0,"k":100,"ix":5},"r":1,"nm":"Fill 1","mn":"ADBE Vector Graphic - Fill","hd":false},{"ty":"tr","p":{"a":0,"k":[0,0],"ix":2},"a":{"a":0,"k":[0,0],"ix":1},"s":{"a":0,"k":[100,100],"ix":3},"r":{"a":0,"k":0,"ix":6},"o":{"a":0,"k":100,"ix":7},"sk":{"a":0,"k":0,"ix":4},"sa":{"a":0,"k":0,"ix":5},"nm":"Transform"}],"nm":"n","np":3,"cix":2,"ix":6,"mn":"ADBE Vector Group","hd":false},{"ty":"gr","it":[{"ind":0,"ty":"sh","ix":1,"ks":{"a":0,"k":{"i":[[0.017,-0.103],[0,0],[0,0],[0.017,-0.111],[0,0],[-0.103,0],[0,0],[0,0],[-0.111,0],[0,0],[0,0],[0,0],[0.017,-0.111],[0,0],[-0.111,0],[0,0],[0,0.103],[0,0],[0,0],[0,0.111],[0,0],[0.111,0.017],[0,0]],"o":[[0,0],[0,0],[-0.086,0],[0,0],[0,0.111],[0,0],[0,0],[0,0.103],[0,0],[0,0],[0,0],[-0.094,0],[0,0],[0,0.103],[0,0],[0.103,0],[0,0],[0,0],[0.111,0],[0,0],[0,-0.086],[0,0],[-0.094,0]],"v":[[13.847,-12.224],[13.847,-10.514],[12.137,-10.514],[11.983,-10.347],[11.983,-6.773],[12.137,-6.606],[13.847,-6.606],[13.847,-4.896],[14.014,-4.742],[19.466,-4.742],[19.466,-3.032],[14.014,-3.032],[13.847,-2.864],[13.847,-1.154],[14.014,-1],[19.466,-1],[19.62,-1.154],[19.62,-2.864],[21.33,-2.864],[21.497,-3.032],[21.497,-12.224],[21.33,-12.379],[14.014,-12.379]],"c":true},"ix":2},"nm":"g","mn":"ADBE Vector Shape - Group","hd":false},{"ind":1,"ty":"sh","ix":2,"ks":{"a":0,"k":{"i":[[0,0],[0,0],[0,0],[0,0]],"o":[[0,0],[0,0],[0,0],[0,0]],"v":[[19.466,-10.347],[19.466,-6.773],[14.014,-6.773],[14.014,-10.347]],"c":true},"ix":2},"nm":"g","mn":"ADBE Vector Shape - Group","hd":false},{"ty":"mm","mm":1,"nm":"Merge Paths 1","mn":"ADBE Vector Filter - Merge","hd":false},{"ty":"st","c":{"a":0,"k":[0,0,0,1],"ix":3},"o":{"a":0,"k":100,"ix":4},"w":{"a":0,"k":2,"ix":5},"lc":1,"lj":1,"ml":4,"ml2":{"a":0,"k":4,"ix":8},"nm":"Stroke 1","mn":"ADBE Vector Graphic - Stroke","hd":true},{"ty":"fl","c":{"a":0,"k":[0.325490196078,0.325490196078,0.325490196078,1],"ix":4},"o":{"a":0,"k":100,"ix":5},"r":1,"nm":"Fill 1","mn":"ADBE Vector Graphic - Fill","hd":false},{"ty":"tr","p":{"a":0,"k":[0,0],"ix":2},"a":{"a":0,"k":[0,0],"ix":1},"s":{"a":0,"k":[100,100],"ix":3},"r":{"a":0,"k":0,"ix":6},"o":{"a":0,"k":100,"ix":7},"sk":{"a":0,"k":0,"ix":4},"sa":{"a":0,"k":0,"ix":5},"nm":"Transform"}],"nm":"g","np":5,"cix":2,"ix":7,"mn":"ADBE Vector Group","hd":false}],"ip":0,"op":60,"st":0,"bm":0},{"ddd":0,"ind":2,"ty":4,"nm":"DinoB Outlines 3","sr":1,"ks":{"o":{"a":0,"k":100,"ix":11},"r":{"a":0,"k":0,"ix":10},"p":{"a":0,"k":[150,148,0],"ix":2},"a":{"a":0,"k":[80,80,0],"ix":1},"s":{"a":0,"k":[100,100,100],"ix":6}},"ao":0,"shapes":[{"ty":"gr","it":[{"ind":0,"ty":"sh","ix":1,"ks":{"a":0,"k":{"i":[[0,0],[0,0],[0,0],[0,0]],"o":[[0,0],[0,0],[0,0],[0,0]],"v":[[13.121,-34.251],[8.295,-34.251],[8.295,-39.208],[13.121,-39.208]],"c":true},"ix":2},"nm":"Path 1","mn":"ADBE Vector Shape - Group","hd":false},{"ind":1,"ty":"sh","ix":2,"ks":{"a":0,"k":{"i":[[0,0],[0,0],[0,0],[0,0],[0,0],[0,0],[0,0],[0,0],[0,0],[0,0],[0,0],[0,0],[0,0],[0,0],[0,0],[0,0],[0,0],[0,0],[0,0],[0,0],[0,0],[0,0],[0,0],[0,0],[0,0],[0,0],[0,0],[0,0],[0,0],[0,0],[0,0],[0,0],[0,0],[0,0],[0,0],[0,0],[0,0],[0,0],[0,0],[0,0],[0,0],[0,0],[0,0],[0,0],[0,0],[0,0],[0,0],[0,0],[0,0],[0,0],[0,0],[0,0],[0,0],[0,0],[0,0],[0,0],[0,0],[0,0],[0,0],[0,0],[0,0],[0,0],[0,0],[0,0],[0,0],[0,0],[0,0],[0,0],[0,0],[0,0],[0,0],[0,0],[0,0],[0,0],[0,0],[0,0]],"o":[[0,0],[0,0],[0,0],[0,0],[0,0],[0,0],[0,0],[0,0],[0,0],[0,0],[0,0],[0,0],[0,0],[0,0],[0,0],[0,0],[0,0],[0,0],[0,0],[0,0],[0,0],[0,0],[0,0],[0,0],[0,0],[0,0],[0,0],[0,0],[0,0],[0,0],[0,0],[0,0],[0,0],[0,0],[0,0],[0,0],[0,0],[0,0],[0,0],[0,0],[0,0],[0,0],[0,0],[0,0],[0,0],[0,0],[0,0],[0,0],[0,0],[0,0],[0,0],[0,0],[0,0],[0,0],[0,0],[0,0],[0,0],[0,0],[0,0],[0,0],[0,0],[0,0],[0,0],[0,0],[0,0],[0,0],[0,0],[0,0],[0,0],[0,0],[0,0],[0,0],[0,0],[0,0],[0,0],[0,0]],"v":[[42.138,-22.555],[42.138,-40.913],[38.536,-40.913],[38.536,-45.622],[5.135,-45.622],[5.135,-40.913],[0.601,-40.913],[0.601,-22.555],[0.601,-14.191],[0.712,-14.191],[0.712,-13.499],[-3.943,-13.499],[-3.943,-9.077],[-9.995,-9.077],[-9.995,-5.354],[-16.513,-5.354],[-16.513,-1.048],[-20.687,-1.048],[-20.687,3.616],[-28.965,3.616],[-28.965,-0.581],[-33.628,-0.581],[-33.628,-5.012],[-37.591,-5.012],[-37.591,-13.753],[-42.138,-13.753],[-42.138,11.543],[-40.389,11.543],[-40.389,11.66],[-37.475,11.66],[-37.475,16.089],[-32.811,16.089],[-32.811,20.169],[-29.197,20.169],[-29.197,23.9],[-24.535,23.9],[-24.535,27.396],[-20.687,27.396],[-20.455,27.396],[-20.455,32.876],[-15.908,32.876],[-15.908,36.723],[-8.331,36.723],[-8.331,32.734],[-12.294,32.734],[-12.294,27.396],[-3.711,27.396],[-3.711,32.704],[0.294,32.704],[0.294,45.622],[1.294,45.622],[4.71,45.622],[8.626,45.622],[8.626,41.316],[4.71,41.316],[4.71,24.092],[8.742,24.092],[8.742,19.553],[13.049,19.553],[13.049,13.618],[17.005,13.618],[17.005,-1.492],[22.117,-1.492],[22.117,2.702],[25.729,2.702],[25.729,-1.492],[25.729,-5.452],[22.117,-5.452],[17.005,-5.452],[17.005,-14.191],[21.69,-14.191],[21.69,-14.199],[34.451,-14.199],[34.451,-17.872],[21.69,-17.872],[21.69,-22.555]],"c":true},"ix":2},"nm":"Path 2","mn":"ADBE Vector Shape - Group","hd":false},{"ty":"mm","mm":1,"nm":"Merge Paths 1","mn":"ADBE Vector Filter - Merge","hd":false},{"ty":"fl","c":{"a":0,"k":[0.325,0.325,0.325,1],"ix":4},"o":{"a":0,"k":100,"ix":5},"r":1,"nm":"Fill 1","mn":"ADBE Vector Graphic - Fill","hd":false},{"ty":"tr","p":{"a":0,"k":[79.942,79.941],"ix":2},"a":{"a":0,"k":[0,0],"ix":1},"s":{"a":0,"k":[100,100],"ix":3},"r":{"a":0,"k":0,"ix":6},"o":{"a":0,"k":100,"ix":7},"sk":{"a":0,"k":0,"ix":4},"sa":{"a":0,"k":0,"ix":5},"nm":"Transform"}],"nm":"Group 1","np":4,"cix":2,"ix":1,"mn":"ADBE Vector Group","hd":false}],"ip":50,"op":60,"st":50,"bm":0},{"ddd":0,"ind":3,"ty":4,"nm":"DinoA Outlines 3","sr":1,"ks":{"o":{"a":0,"k":100,"ix":11},"r":{"a":0,"k":0,"ix":10},"p":{"a":0,"k":[150,150,0],"ix":2},"a":{"a":0,"k":[80,80,0],"ix":1},"s":{"a":0,"k":[100,100,100],"ix":6}},"ao":0,"shapes":[{"ty":"gr","it":[{"ind":0,"ty":"sh","ix":1,"ks":{"a":0,"k":{"i":[[0,0],[0,0],[0,0],[0,0]],"o":[[0,0],[0,0],[0,0],[0,0]],"v":[[13.121,-34.251],[8.295,-34.251],[8.295,-39.208],[13.121,-39.208]],"c":true},"ix":2},"nm":"Path 1","mn":"ADBE Vector Shape - Group","hd":false},{"ind":1,"ty":"sh","ix":2,"ks":{"a":0,"k":{"i":[[0,0],[0,0],[0,0],[0,0],[0,0],[0,0],[0,0],[0,0],[0,0],[0,0],[0,0],[0,0],[0,0],[0,0],[0,0],[0,0],[0,0],[0,0],[0,0],[0,0],[0,0],[0,0],[0,0],[0,0],[0,0],[0,0],[0,0],[0,0],[0,0],[0,0],[0,0],[0,0],[0,0],[0,0],[0,0],[0,0],[0,0],[0,0],[0,0],[0,0],[0,0],[0,0],[0,0],[0,0],[0,0],[0,0],[0,0],[0,0],[0,0],[0,0],[0,0],[0,0],[0,0],[0,0],[0,0],[0,0],[0,0],[0,0],[0,0],[0,0],[0,0],[0,0],[0,0],[0,0],[0,0],[0,0],[0,0],[0,0],[0,0],[0,0],[0,0],[0,0]],"o":[[0,0],[0,0],[0,0],[0,0],[0,0],[0,0],[0,0],[0,0],[0,0],[0,0],[0,0],[0,0],[0,0],[0,0],[0,0],[0,0],[0,0],[0,0],[0,0],[0,0],[0,0],[0,0],[0,0],[0,0],[0,0],[0,0],[0,0],[0,0],[0,0],[0,0],[0,0],[0,0],[0,0],[0,0],[0,0],[0,0],[0,0],[0,0],[0,0],[0,0],[0,0],[0,0],[0,0],[0,0],[0,0],[0,0],[0,0],[0,0],[0,0],[0,0],[0,0],[0,0],[0,0],[0,0],[0,0],[0,0],[0,0],[0,0],[0,0],[0,0],[0,0],[0,0],[0,0],[0,0],[0,0],[0,0],[0,0],[0,0],[0,0],[0,0],[0,0],[0,0]],"v":[[42.138,-22.555],[42.138,-40.913],[38.536,-40.913],[38.536,-45.622],[5.135,-45.622],[5.135,-40.913],[0.601,-40.913],[0.601,-14.191],[0.712,-14.191],[0.712,-13.499],[-3.943,-13.499],[-3.943,-9.077],[-9.995,-9.077],[-9.995,-5.354],[-16.513,-5.354],[-16.513,-1.048],[-20.687,-1.048],[-20.687,3.616],[-28.965,3.616],[-28.965,-0.581],[-33.628,-0.581],[-33.628,-5.012],[-37.591,-5.012],[-37.591,-13.753],[-42.138,-13.753],[-42.138,11.543],[-40.389,11.543],[-40.389,11.66],[-37.475,11.66],[-37.475,16.089],[-32.811,16.089],[-32.811,20.169],[-29.197,20.169],[-29.197,23.9],[-24.535,23.9],[-24.535,27.978],[-24.517,27.978],[-24.517,32.704],[-20.513,32.704],[-20.513,45.622],[-12.182,45.622],[-12.182,41.316],[-16.097,41.316],[-16.097,27.978],[-7.13,27.978],[-7.13,32.876],[-2.583,32.876],[-2.583,36.723],[4.994,36.723],[4.994,32.734],[1.03,32.734],[1.03,27.978],[4.71,27.978],[4.71,24.092],[8.742,24.092],[8.742,19.553],[13.049,19.553],[13.049,13.618],[17.005,13.618],[17.005,-1.492],[22.117,-1.492],[22.117,2.702],[25.729,2.702],[25.729,-5.452],[17.005,-5.452],[17.005,-14.191],[21.69,-14.191],[21.69,-14.199],[34.451,-14.199],[34.451,-17.872],[21.69,-17.872],[21.69,-22.555]],"c":true},"ix":2},"nm":"Path 2","mn":"ADBE Vector Shape - Group","hd":false},{"ty":"mm","mm":1,"nm":"Merge Paths 1","mn":"ADBE Vector Filter - Merge","hd":false},{"ty":"fl","c":{"a":0,"k":[0.325,0.325,0.325,1],"ix":4},"o":{"a":0,"k":100,"ix":5},"r":1,"nm":"Fill 1","mn":"ADBE Vector Graphic - Fill","hd":false},{"ty":"tr","p":{"a":0,"k":[79.942,79.941],"ix":2},"a":{"a":0,"k":[0,0],"ix":1},"s":{"a":0,"k":[100,100],"ix":3},"r":{"a":0,"k":0,"ix":6},"o":{"a":0,"k":100,"ix":7},"sk":{"a":0,"k":0,"ix":4},"sa":{"a":0,"k":0,"ix":5},"nm":"Transform"}],"nm":"Group 1","np":4,"cix":2,"ix":1,"mn":"ADBE Vector Group","hd":false}],"ip":40,"op":50,"st":40,"bm":0},{"ddd":0,"ind":4,"ty":4,"nm":"DinoB Outlines 2","sr":1,"ks":{"o":{"a":0,"k":100,"ix":11},"r":{"a":0,"k":0,"ix":10},"p":{"a":0,"k":[150,149,0],"ix":2},"a":{"a":0,"k":[80,80,0],"ix":1},"s":{"a":0,"k":[100,100,100],"ix":6}},"ao":0,"shapes":[{"ty":"gr","it":[{"ind":0,"ty":"sh","ix":1,"ks":{"a":0,"k":{"i":[[0,0],[0,0],[0,0],[0,0]],"o":[[0,0],[0,0],[0,0],[0,0]],"v":[[13.121,-34.251],[8.295,-34.251],[8.295,-39.208],[13.121,-39.208]],"c":true},"ix":2},"nm":"Path 1","mn":"ADBE Vector Shape - Group","hd":false},{"ind":1,"ty":"sh","ix":2,"ks":{"a":0,"k":{"i":[[0,0],[0,0],[0,0],[0,0],[0,0],[0,0],[0,0],[0,0],[0,0],[0,0],[0,0],[0,0],[0,0],[0,0],[0,0],[0,0],[0,0],[0,0],[0,0],[0,0],[0,0],[0,0],[0,0],[0,0],[0,0],[0,0],[0,0],[0,0],[0,0],[0,0],[0,0],[0,0],[0,0],[0,0],[0,0],[0,0],[0,0],[0,0],[0,0],[0,0],[0,0],[0,0],[0,0],[0,0],[0,0],[0,0],[0,0],[0,0],[0,0],[0,0],[0,0],[0,0],[0,0],[0,0],[0,0],[0,0],[0,0],[0,0],[0,0],[0,0],[0,0],[0,0],[0,0],[0,0],[0,0],[0,0],[0,0],[0,0],[0,0],[0,0],[0,0],[0,0],[0,0],[0,0],[0,0],[0,0]],"o":[[0,0],[0,0],[0,0],[0,0],[0,0],[0,0],[0,0],[0,0],[0,0],[0,0],[0,0],[0,0],[0,0],[0,0],[0,0],[0,0],[0,0],[0,0],[0,0],[0,0],[0,0],[0,0],[0,0],[0,0],[0,0],[0,0],[0,0],[0,0],[0,0],[0,0],[0,0],[0,0],[0,0],[0,0],[0,0],[0,0],[0,0],[0,0],[0,0],[0,0],[0,0],[0,0],[0,0],[0,0],[0,0],[0,0],[0,0],[0,0],[0,0],[0,0],[0,0],[0,0],[0,0],[0,0],[0,0],[0,0],[0,0],[0,0],[0,0],[0,0],[0,0],[0,0],[0,0],[0,0],[0,0],[0,0],[0,0],[0,0],[0,0],[0,0],[0,0],[0,0],[0,0],[0,0],[0,0],[0,0]],"v":[[42.138,-22.555],[42.138,-40.913],[38.536,-40.913],[38.536,-45.622],[5.135,-45.622],[5.135,-40.913],[0.601,-40.913],[0.601,-22.555],[0.601,-14.191],[0.712,-14.191],[0.712,-13.499],[-3.943,-13.499],[-3.943,-9.077],[-9.995,-9.077],[-9.995,-5.354],[-16.513,-5.354],[-16.513,-1.048],[-20.687,-1.048],[-20.687,3.616],[-28.965,3.616],[-28.965,-0.581],[-33.628,-0.581],[-33.628,-5.012],[-37.591,-5.012],[-37.591,-13.753],[-42.138,-13.753],[-42.138,11.543],[-40.389,11.543],[-40.389,11.66],[-37.475,11.66],[-37.475,16.089],[-32.811,16.089],[-32.811,20.169],[-29.197,20.169],[-29.197,23.9],[-24.535,23.9],[-24.535,27.396],[-20.687,27.396],[-20.455,27.396],[-20.455,32.876],[-15.908,32.876],[-15.908,36.723],[-8.331,36.723],[-8.331,32.734],[-12.294,32.734],[-12.294,27.396],[-3.711,27.396],[-3.711,32.704],[0.294,32.704],[0.294,45.622],[1.294,45.622],[4.71,45.622],[8.626,45.622],[8.626,41.316],[4.71,41.316],[4.71,24.092],[8.742,24.092],[8.742,19.553],[13.049,19.553],[13.049,13.618],[17.005,13.618],[17.005,-1.492],[22.117,-1.492],[22.117,2.702],[25.729,2.702],[25.729,-1.492],[25.729,-5.452],[22.117,-5.452],[17.005,-5.452],[17.005,-14.191],[21.69,-14.191],[21.69,-14.199],[34.451,-14.199],[34.451,-17.872],[21.69,-17.872],[21.69,-22.555]],"c":true},"ix":2},"nm":"Path 2","mn":"ADBE Vector Shape - Group","hd":false},{"ty":"mm","mm":1,"nm":"Merge Paths 1","mn":"ADBE Vector Filter - Merge","hd":false},{"ty":"fl","c":{"a":0,"k":[0.325,0.325,0.325,1],"ix":4},"o":{"a":0,"k":100,"ix":5},"r":1,"nm":"Fill 1","mn":"ADBE Vector Graphic - Fill","hd":false},{"ty":"tr","p":{"a":0,"k":[79.942,79.941],"ix":2},"a":{"a":0,"k":[0,0],"ix":1},"s":{"a":0,"k":[100,100],"ix":3},"r":{"a":0,"k":0,"ix":6},"o":{"a":0,"k":100,"ix":7},"sk":{"a":0,"k":0,"ix":4},"sa":{"a":0,"k":0,"ix":5},"nm":"Transform"}],"nm":"Group 1","np":4,"cix":2,"ix":1,"mn":"ADBE Vector Group","hd":false}],"ip":30,"op":40,"st":30,"bm":0},{"ddd":0,"ind":5,"ty":4,"nm":"DinoA Outlines 2","sr":1,"ks":{"o":{"a":0,"k":100,"ix":11},"r":{"a":0,"k":0,"ix":10},"p":{"a":0,"k":[150,149,0],"ix":2},"a":{"a":0,"k":[80,80,0],"ix":1},"s":{"a":0,"k":[100,100,100],"ix":6}},"ao":0,"shapes":[{"ty":"gr","it":[{"ind":0,"ty":"sh","ix":1,"ks":{"a":0,"k":{"i":[[0,0],[0,0],[0,0],[0,0]],"o":[[0,0],[0,0],[0,0],[0,0]],"v":[[13.121,-34.251],[8.295,-34.251],[8.295,-39.208],[13.121,-39.208]],"c":true},"ix":2},"nm":"Path 1","mn":"ADBE Vector Shape - Group","hd":false},{"ind":1,"ty":"sh","ix":2,"ks":{"a":0,"k":{"i":[[0,0],[0,0],[0,0],[0,0],[0,0],[0,0],[0,0],[0,0],[0,0],[0,0],[0,0],[0,0],[0,0],[0,0],[0,0],[0,0],[0,0],[0,0],[0,0],[0,0],[0,0],[0,0],[0,0],[0,0],[0,0],[0,0],[0,0],[0,0],[0,0],[0,0],[0,0],[0,0],[0,0],[0,0],[0,0],[0,0],[0,0],[0,0],[0,0],[0,0],[0,0],[0,0],[0,0],[0,0],[0,0],[0,0],[0,0],[0,0],[0,0],[0,0],[0,0],[0,0],[0,0],[0,0],[0,0],[0,0],[0,0],[0,0],[0,0],[0,0],[0,0],[0,0],[0,0],[0,0],[0,0],[0,0],[0,0],[0,0],[0,0],[0,0],[0,0],[0,0]],"o":[[0,0],[0,0],[0,0],[0,0],[0,0],[0,0],[0,0],[0,0],[0,0],[0,0],[0,0],[0,0],[0,0],[0,0],[0,0],[0,0],[0,0],[0,0],[0,0],[0,0],[0,0],[0,0],[0,0],[0,0],[0,0],[0,0],[0,0],[0,0],[0,0],[0,0],[0,0],[0,0],[0,0],[0,0],[0,0],[0,0],[0,0],[0,0],[0,0],[0,0],[0,0],[0,0],[0,0],[0,0],[0,0],[0,0],[0,0],[0,0],[0,0],[0,0],[0,0],[0,0],[0,0],[0,0],[0,0],[0,0],[0,0],[0,0],[0,0],[0,0],[0,0],[0,0],[0,0],[0,0],[0,0],[0,0],[0,0],[0,0],[0,0],[0,0],[0,0],[0,0]],"v":[[42.138,-22.555],[42.138,-40.913],[38.536,-40.913],[38.536,-45.622],[5.135,-45.622],[5.135,-40.913],[0.601,-40.913],[0.601,-14.191],[0.712,-14.191],[0.712,-13.499],[-3.943,-13.499],[-3.943,-9.077],[-9.995,-9.077],[-9.995,-5.354],[-16.513,-5.354],[-16.513,-1.048],[-20.687,-1.048],[-20.687,3.616],[-28.965,3.616],[-28.965,-0.581],[-33.628,-0.581],[-33.628,-5.012],[-37.591,-5.012],[-37.591,-13.753],[-42.138,-13.753],[-42.138,11.543],[-40.389,11.543],[-40.389,11.66],[-37.475,11.66],[-37.475,16.089],[-32.811,16.089],[-32.811,20.169],[-29.197,20.169],[-29.197,23.9],[-24.535,23.9],[-24.535,27.978],[-24.517,27.978],[-24.517,32.704],[-20.513,32.704],[-20.513,45.622],[-12.182,45.622],[-12.182,41.316],[-16.097,41.316],[-16.097,27.978],[-7.13,27.978],[-7.13,32.876],[-2.583,32.876],[-2.583,36.723],[4.994,36.723],[4.994,32.734],[1.03,32.734],[1.03,27.978],[4.71,27.978],[4.71,24.092],[8.742,24.092],[8.742,19.553],[13.049,19.553],[13.049,13.618],[17.005,13.618],[17.005,-1.492],[22.117,-1.492],[22.117,2.702],[25.729,2.702],[25.729,-5.452],[17.005,-5.452],[17.005,-14.191],[21.69,-14.191],[21.69,-14.199],[34.451,-14.199],[34.451,-17.872],[21.69,-17.872],[21.69,-22.555]],"c":true},"ix":2},"nm":"Path 2","mn":"ADBE Vector Shape - Group","hd":false},{"ty":"mm","mm":1,"nm":"Merge Paths 1","mn":"ADBE Vector Filter - Merge","hd":false},{"ty":"fl","c":{"a":0,"k":[0.325,0.325,0.325,1],"ix":4},"o":{"a":0,"k":100,"ix":5},"r":1,"nm":"Fill 1","mn":"ADBE Vector Graphic - Fill","hd":false},{"ty":"tr","p":{"a":0,"k":[79.942,79.941],"ix":2},"a":{"a":0,"k":[0,0],"ix":1},"s":{"a":0,"k":[100,100],"ix":3},"r":{"a":0,"k":0,"ix":6},"o":{"a":0,"k":100,"ix":7},"sk":{"a":0,"k":0,"ix":4},"sa":{"a":0,"k":0,"ix":5},"nm":"Transform"}],"nm":"Group 1","np":4,"cix":2,"ix":1,"mn":"ADBE Vector Group","hd":false}],"ip":20,"op":30,"st":20,"bm":0},{"ddd":0,"ind":6,"ty":4,"nm":"DinoB Outlines","sr":1,"ks":{"o":{"a":0,"k":100,"ix":11},"r":{"a":0,"k":0,"ix":10},"p":{"a":0,"k":[150,149,0],"ix":2},"a":{"a":0,"k":[80,80,0],"ix":1},"s":{"a":0,"k":[100,100,100],"ix":6}},"ao":0,"shapes":[{"ty":"gr","it":[{"ind":0,"ty":"sh","ix":1,"ks":{"a":0,"k":{"i":[[0,0],[0,0],[0,0],[0,0]],"o":[[0,0],[0,0],[0,0],[0,0]],"v":[[13.121,-34.251],[8.295,-34.251],[8.295,-39.208],[13.121,-39.208]],"c":true},"ix":2},"nm":"Path 1","mn":"ADBE Vector Shape - Group","hd":false},{"ind":1,"ty":"sh","ix":2,"ks":{"a":0,"k":{"i":[[0,0],[0,0],[0,0],[0,0],[0,0],[0,0],[0,0],[0,0],[0,0],[0,0],[0,0],[0,0],[0,0],[0,0],[0,0],[0,0],[0,0],[0,0],[0,0],[0,0],[0,0],[0,0],[0,0],[0,0],[0,0],[0,0],[0,0],[0,0],[0,0],[0,0],[0,0],[0,0],[0,0],[0,0],[0,0],[0,0],[0,0],[0,0],[0,0],[0,0],[0,0],[0,0],[0,0],[0,0],[0,0],[0,0],[0,0],[0,0],[0,0],[0,0],[0,0],[0,0],[0,0],[0,0],[0,0],[0,0],[0,0],[0,0],[0,0],[0,0],[0,0],[0,0],[0,0],[0,0],[0,0],[0,0],[0,0],[0,0],[0,0],[0,0],[0,0],[0,0],[0,0],[0,0],[0,0],[0,0]],"o":[[0,0],[0,0],[0,0],[0,0],[0,0],[0,0],[0,0],[0,0],[0,0],[0,0],[0,0],[0,0],[0,0],[0,0],[0,0],[0,0],[0,0],[0,0],[0,0],[0,0],[0,0],[0,0],[0,0],[0,0],[0,0],[0,0],[0,0],[0,0],[0,0],[0,0],[0,0],[0,0],[0,0],[0,0],[0,0],[0,0],[0,0],[0,0],[0,0],[0,0],[0,0],[0,0],[0,0],[0,0],[0,0],[0,0],[0,0],[0,0],[0,0],[0,0],[0,0],[0,0],[0,0],[0,0],[0,0],[0,0],[0,0],[0,0],[0,0],[0,0],[0,0],[0,0],[0,0],[0,0],[0,0],[0,0],[0,0],[0,0],[0,0],[0,0],[0,0],[0,0],[0,0],[0,0],[0,0],[0,0]],"v":[[42.138,-22.555],[42.138,-40.913],[38.536,-40.913],[38.536,-45.622],[5.135,-45.622],[5.135,-40.913],[0.601,-40.913],[0.601,-22.555],[0.601,-14.191],[0.712,-14.191],[0.712,-13.499],[-3.943,-13.499],[-3.943,-9.077],[-9.995,-9.077],[-9.995,-5.354],[-16.513,-5.354],[-16.513,-1.048],[-20.687,-1.048],[-20.687,3.616],[-28.965,3.616],[-28.965,-0.581],[-33.628,-0.581],[-33.628,-5.012],[-37.591,-5.012],[-37.591,-13.753],[-42.138,-13.753],[-42.138,11.543],[-40.389,11.543],[-40.389,11.66],[-37.475,11.66],[-37.475,16.089],[-32.811,16.089],[-32.811,20.169],[-29.197,20.169],[-29.197,23.9],[-24.535,23.9],[-24.535,27.396],[-20.687,27.396],[-20.455,27.396],[-20.455,32.876],[-15.908,32.876],[-15.908,36.723],[-8.331,36.723],[-8.331,32.734],[-12.294,32.734],[-12.294,27.396],[-3.711,27.396],[-3.711,32.704],[0.294,32.704],[0.294,45.622],[1.294,45.622],[4.71,45.622],[8.626,45.622],[8.626,41.316],[4.71,41.316],[4.71,24.092],[8.742,24.092],[8.742,19.553],[13.049,19.553],[13.049,13.618],[17.005,13.618],[17.005,-1.492],[22.117,-1.492],[22.117,2.702],[25.729,2.702],[25.729,-1.492],[25.729,-5.452],[22.117,-5.452],[17.005,-5.452],[17.005,-14.191],[21.69,-14.191],[21.69,-14.199],[34.451,-14.199],[34.451,-17.872],[21.69,-17.872],[21.69,-22.555]],"c":true},"ix":2},"nm":"Path 2","mn":"ADBE Vector Shape - Group","hd":false},{"ty":"mm","mm":1,"nm":"Merge Paths 1","mn":"ADBE Vector Filter - Merge","hd":false},{"ty":"fl","c":{"a":0,"k":[0.325,0.325,0.325,1],"ix":4},"o":{"a":0,"k":100,"ix":5},"r":1,"nm":"Fill 1","mn":"ADBE Vector Graphic - Fill","hd":false},{"ty":"tr","p":{"a":0,"k":[79.942,79.941],"ix":2},"a":{"a":0,"k":[0,0],"ix":1},"s":{"a":0,"k":[100,100],"ix":3},"r":{"a":0,"k":0,"ix":6},"o":{"a":0,"k":100,"ix":7},"sk":{"a":0,"k":0,"ix":4},"sa":{"a":0,"k":0,"ix":5},"nm":"Transform"}],"nm":"Group 1","np":4,"cix":2,"ix":1,"mn":"ADBE Vector Group","hd":false}],"ip":10,"op":20,"st":10,"bm":0},{"ddd":0,"ind":7,"ty":4,"nm":"DinoA Outlines","sr":1,"ks":{"o":{"a":0,"k":100,"ix":11},"r":{"a":0,"k":0,"ix":10},"p":{"a":0,"k":[150,150,0],"ix":2},"a":{"a":0,"k":[80,80,0],"ix":1},"s":{"a":0,"k":[100,100,100],"ix":6}},"ao":0,"shapes":[{"ty":"gr","it":[{"ind":0,"ty":"sh","ix":1,"ks":{"a":0,"k":{"i":[[0,0],[0,0],[0,0],[0,0]],"o":[[0,0],[0,0],[0,0],[0,0]],"v":[[13.121,-34.251],[8.295,-34.251],[8.295,-39.208],[13.121,-39.208]],"c":true},"ix":2},"nm":"Path 1","mn":"ADBE Vector Shape - Group","hd":false},{"ind":1,"ty":"sh","ix":2,"ks":{"a":0,"k":{"i":[[0,0],[0,0],[0,0],[0,0],[0,0],[0,0],[0,0],[0,0],[0,0],[0,0],[0,0],[0,0],[0,0],[0,0],[0,0],[0,0],[0,0],[0,0],[0,0],[0,0],[0,0],[0,0],[0,0],[0,0],[0,0],[0,0],[0,0],[0,0],[0,0],[0,0],[0,0],[0,0],[0,0],[0,0],[0,0],[0,0],[0,0],[0,0],[0,0],[0,0],[0,0],[0,0],[0,0],[0,0],[0,0],[0,0],[0,0],[0,0],[0,0],[0,0],[0,0],[0,0],[0,0],[0,0],[0,0],[0,0],[0,0],[0,0],[0,0],[0,0],[0,0],[0,0],[0,0],[0,0],[0,0],[0,0],[0,0],[0,0],[0,0],[0,0],[0,0],[0,0]],"o":[[0,0],[0,0],[0,0],[0,0],[0,0],[0,0],[0,0],[0,0],[0,0],[0,0],[0,0],[0,0],[0,0],[0,0],[0,0],[0,0],[0,0],[0,0],[0,0],[0,0],[0,0],[0,0],[0,0],[0,0],[0,0],[0,0],[0,0],[0,0],[0,0],[0,0],[0,0],[0,0],[0,0],[0,0],[0,0],[0,0],[0,0],[0,0],[0,0],[0,0],[0,0],[0,0],[0,0],[0,0],[0,0],[0,0],[0,0],[0,0],[0,0],[0,0],[0,0],[0,0],[0,0],[0,0],[0,0],[0,0],[0,0],[0,0],[0,0],[0,0],[0,0],[0,0],[0,0],[0,0],[0,0],[0,0],[0,0],[0,0],[0,0],[0,0],[0,0],[0,0]],"v":[[42.138,-22.555],[42.138,-40.913],[38.536,-40.913],[38.536,-45.622],[5.135,-45.622],[5.135,-40.913],[0.601,-40.913],[0.601,-14.191],[0.712,-14.191],[0.712,-13.499],[-3.943,-13.499],[-3.943,-9.077],[-9.995,-9.077],[-9.995,-5.354],[-16.513,-5.354],[-16.513,-1.048],[-20.687,-1.048],[-20.687,3.616],[-28.965,3.616],[-28.965,-0.581],[-33.628,-0.581],[-33.628,-5.012],[-37.591,-5.012],[-37.591,-13.753],[-42.138,-13.753],[-42.138,11.543],[-40.389,11.543],[-40.389,11.66],[-37.475,11.66],[-37.475,16.089],[-32.811,16.089],[-32.811,20.169],[-29.197,20.169],[-29.197,23.9],[-24.535,23.9],[-24.535,27.978],[-24.517,27.978],[-24.517,32.704],[-20.513,32.704],[-20.513,45.622],[-12.182,45.622],[-12.182,41.316],[-16.097,41.316],[-16.097,27.978],[-7.13,27.978],[-7.13,32.876],[-2.583,32.876],[-2.583,36.723],[4.994,36.723],[4.994,32.734],[1.03,32.734],[1.03,27.978],[4.71,27.978],[4.71,24.092],[8.742,24.092],[8.742,19.553],[13.049,19.553],[13.049,13.618],[17.005,13.618],[17.005,-1.492],[22.117,-1.492],[22.117,2.702],[25.729,2.702],[25.729,-5.452],[17.005,-5.452],[17.005,-14.191],[21.69,-14.191],[21.69,-14.199],[34.451,-14.199],[34.451,-17.872],[21.69,-17.872],[21.69,-22.555]],"c":true},"ix":2},"nm":"Path 2","mn":"ADBE Vector Shape - Group","hd":false},{"ty":"mm","mm":1,"nm":"Merge Paths 1","mn":"ADBE Vector Filter - Merge","hd":false},{"ty":"fl","c":{"a":0,"k":[0.325,0.325,0.325,1],"ix":4},"o":{"a":0,"k":100,"ix":5},"r":1,"nm":"Fill 1","mn":"ADBE Vector Graphic - Fill","hd":false},{"ty":"tr","p":{"a":0,"k":[79.942,79.941],"ix":2},"a":{"a":0,"k":[0,0],"ix":1},"s":{"a":0,"k":[100,100],"ix":3},"r":{"a":0,"k":0,"ix":6},"o":{"a":0,"k":100,"ix":7},"sk":{"a":0,"k":0,"ix":4},"sa":{"a":0,"k":0,"ix":5},"nm":"Transform"}],"nm":"Group 1","np":4,"cix":2,"ix":1,"mn":"ADBE Vector Group","hd":false}],"ip":0,"op":10,"st":0,"bm":0},{"ddd":0,"ind":8,"ty":4,"nm":"DinoBG Outlines 2","sr":1,"ks":{"o":{"a":0,"k":100,"ix":11},"r":{"a":0,"k":0,"ix":10},"p":{"a":1,"k":[{"i":{"x":0.833,"y":0.833},"o":{"x":0.167,"y":0.167},"n":"0p833_0p833_0p167_0p167","t":27,"s":[205,150,0],"e":[95,150,0],"to":[-18.3333339691162,0,0],"ti":[18.3333339691162,0,0]},{"t":66}],"ix":2},"a":{"a":0,"k":[205,80,0],"ix":1},"s":{"a":0,"k":[100,100,100],"ix":6}},"ao":0,"shapes":[{"ty":"gr","it":[{"ind":0,"ty":"sh","ix":1,"ks":{"a":0,"k":{"i":[[0,0],[-11.428,0.312]],"o":[[11.246,0.312],[0,0]],"v":[[-16.837,-0.156],[16.837,-0.156]],"c":false},"ix":2},"nm":"Path 1","mn":"ADBE Vector Shape - Group","hd":false},{"ty":"st","c":{"a":0,"k":[0.325,0.325,0.325,1],"ix":3},"o":{"a":0,"k":100,"ix":4},"w":{"a":0,"k":2,"ix":5},"lc":1,"lj":1,"ml":10,"ml2":{"a":0,"k":10,"ix":8},"nm":"Stroke 1","mn":"ADBE Vector Graphic - Stroke","hd":false},{"ty":"tr","p":{"a":0,"k":[227.887,104.283],"ix":2},"a":{"a":0,"k":[0,0],"ix":1},"s":{"a":0,"k":[100,100],"ix":3},"r":{"a":0,"k":0,"ix":6},"o":{"a":0,"k":100,"ix":7},"sk":{"a":0,"k":0,"ix":4},"sa":{"a":0,"k":0,"ix":5},"nm":"Transform"}],"nm":"Group 1","np":2,"cix":2,"ix":1,"mn":"ADBE Vector Group","hd":false},{"ty":"gr","it":[{"ind":0,"ty":"sh","ix":1,"ks":{"a":0,"k":{"i":[[0,0],[-14.512,-0.039]],"o":[[14.512,0.085],[0,0]],"v":[[-16.765,-0.093],[16.765,0.093]],"c":false},"ix":2},"nm":"Path 1","mn":"ADBE Vector Shape - Group","hd":false},{"ty":"st","c":{"a":0,"k":[0.325,0.325,0.325,1],"ix":3},"o":{"a":0,"k":100,"ix":4},"w":{"a":0,"k":2,"ix":5},"lc":1,"lj":1,"ml":10,"ml2":{"a":0,"k":10,"ix":8},"nm":"Stroke 1","mn":"ADBE Vector Graphic - Stroke","hd":false},{"ty":"tr","p":{"a":0,"k":[276.764,104.22],"ix":2},"a":{"a":0,"k":[0,0],"ix":1},"s":{"a":0,"k":[100,100],"ix":3},"r":{"a":0,"k":0,"ix":6},"o":{"a":0,"k":100,"ix":7},"sk":{"a":0,"k":0,"ix":4},"sa":{"a":0,"k":0,"ix":5},"nm":"Transform"}],"nm":"Group 2","np":2,"cix":2,"ix":2,"mn":"ADBE Vector Group","hd":false},{"ty":"gr","it":[{"ind":0,"ty":"sh","ix":1,"ks":{"a":0,"k":{"i":[[0,0],[-36.646,0.313]],"o":[[36.921,0.115],[0,0]],"v":[[-52.781,0.041],[52.781,-0.157]],"c":false},"ix":2},"nm":"Path 1","mn":"ADBE Vector Shape - Group","hd":false},{"ty":"st","c":{"a":0,"k":[0.325,0.325,0.325,1],"ix":3},"o":{"a":0,"k":100,"ix":4},"w":{"a":0,"k":2,"ix":5},"lc":1,"lj":1,"ml":10,"ml2":{"a":0,"k":10,"ix":8},"nm":"Stroke 1","mn":"ADBE Vector Graphic - Stroke","hd":false},{"ty":"tr","p":{"a":0,"k":[357.16,104.283],"ix":2},"a":{"a":0,"k":[0,0],"ix":1},"s":{"a":0,"k":[100,100],"ix":3},"r":{"a":0,"k":0,"ix":6},"o":{"a":0,"k":100,"ix":7},"sk":{"a":0,"k":0,"ix":4},"sa":{"a":0,"k":0,"ix":5},"nm":"Transform"}],"nm":"Group 3","np":2,"cix":2,"ix":3,"mn":"ADBE Vector Group","hd":false},{"ty":"gr","it":[{"ind":0,"ty":"sh","ix":1,"ks":{"a":0,"k":{"i":[[0,0],[-29.902,0.312]],"o":[[29.895,0.312],[0,0]],"v":[[-44.398,-0.156],[44.398,-0.156]],"c":false},"ix":2},"nm":"Path 1","mn":"ADBE Vector Shape - Group","hd":false},{"ty":"st","c":{"a":0,"k":[0.325,0.325,0.325,1],"ix":3},"o":{"a":0,"k":100,"ix":4},"w":{"a":0,"k":2,"ix":5},"lc":1,"lj":1,"ml":10,"ml2":{"a":0,"k":10,"ix":8},"nm":"Stroke 1","mn":"ADBE Vector Graphic - Stroke","hd":false},{"ty":"tr","p":{"a":0,"k":[44.8,104.283],"ix":2},"a":{"a":0,"k":[0,0],"ix":1},"s":{"a":0,"k":[100,100],"ix":3},"r":{"a":0,"k":0,"ix":6},"o":{"a":0,"k":100,"ix":7},"sk":{"a":0,"k":0,"ix":4},"sa":{"a":0,"k":0,"ix":5},"nm":"Transform"}],"nm":"Group 4","np":2,"cix":2,"ix":4,"mn":"ADBE Vector Group","hd":false},{"ty":"gr","it":[{"ind":0,"ty":"sh","ix":1,"ks":{"a":0,"k":{"i":[[0,0],[-34.998,0.312]],"o":[[35.169,0.312],[0,0]],"v":[[-47.08,-0.156],[47.08,-0.156]],"c":false},"ix":2},"nm":"Path 1","mn":"ADBE Vector Shape - Group","hd":false},{"ty":"st","c":{"a":0,"k":[0.325,0.325,0.325,1],"ix":3},"o":{"a":0,"k":100,"ix":4},"w":{"a":0,"k":2,"ix":5},"lc":1,"lj":1,"ml":10,"ml2":{"a":0,"k":10,"ix":8},"nm":"Stroke 1","mn":"ADBE Vector Graphic - Stroke","hd":false},{"ty":"tr","p":{"a":0,"k":[152.214,104.283],"ix":2},"a":{"a":0,"k":[0,0],"ix":1},"s":{"a":0,"k":[100,100],"ix":3},"r":{"a":0,"k":0,"ix":6},"o":{"a":0,"k":100,"ix":7},"sk":{"a":0,"k":0,"ix":4},"sa":{"a":0,"k":0,"ix":5},"nm":"Transform"}],"nm":"Group 5","np":2,"cix":2,"ix":5,"mn":"ADBE Vector Group","hd":false}],"ip":27,"op":60,"st":27,"bm":0},{"ddd":0,"ind":9,"ty":4,"nm":"DinoBG Outlines","sr":1,"ks":{"o":{"a":0,"k":100,"ix":11},"r":{"a":0,"k":0,"ix":10},"p":{"a":1,"k":[{"i":{"x":0.833,"y":0.833},"o":{"x":0.167,"y":0.167},"n":"0p833_0p833_0p167_0p167","t":0,"s":[205,150,0],"e":[95,150,0],"to":[-18.3333339691162,0,0],"ti":[18.3333339691162,0,0]},{"t":39}],"ix":2},"a":{"a":0,"k":[205,80,0],"ix":1},"s":{"a":0,"k":[100,100,100],"ix":6}},"ao":0,"shapes":[{"ty":"gr","it":[{"ind":0,"ty":"sh","ix":1,"ks":{"a":0,"k":{"i":[[0,0],[-11.428,0.312]],"o":[[11.246,0.312],[0,0]],"v":[[-16.837,-0.156],[16.837,-0.156]],"c":false},"ix":2},"nm":"Path 1","mn":"ADBE Vector Shape - Group","hd":false},{"ty":"st","c":{"a":0,"k":[0.325,0.325,0.325,1],"ix":3},"o":{"a":0,"k":100,"ix":4},"w":{"a":0,"k":2,"ix":5},"lc":1,"lj":1,"ml":10,"ml2":{"a":0,"k":10,"ix":8},"nm":"Stroke 1","mn":"ADBE Vector Graphic - Stroke","hd":false},{"ty":"tr","p":{"a":0,"k":[227.887,104.283],"ix":2},"a":{"a":0,"k":[0,0],"ix":1},"s":{"a":0,"k":[100,100],"ix":3},"r":{"a":0,"k":0,"ix":6},"o":{"a":0,"k":100,"ix":7},"sk":{"a":0,"k":0,"ix":4},"sa":{"a":0,"k":0,"ix":5},"nm":"Transform"}],"nm":"Group 1","np":2,"cix":2,"ix":1,"mn":"ADBE Vector Group","hd":false},{"ty":"gr","it":[{"ind":0,"ty":"sh","ix":1,"ks":{"a":0,"k":{"i":[[0,0],[-14.512,-0.039]],"o":[[14.512,0.085],[0,0]],"v":[[-16.765,-0.093],[16.765,0.093]],"c":false},"ix":2},"nm":"Path 1","mn":"ADBE Vector Shape - Group","hd":false},{"ty":"st","c":{"a":0,"k":[0.325,0.325,0.325,1],"ix":3},"o":{"a":0,"k":100,"ix":4},"w":{"a":0,"k":2,"ix":5},"lc":1,"lj":1,"ml":10,"ml2":{"a":0,"k":10,"ix":8},"nm":"Stroke 1","mn":"ADBE Vector Graphic - Stroke","hd":false},{"ty":"tr","p":{"a":0,"k":[276.764,104.22],"ix":2},"a":{"a":0,"k":[0,0],"ix":1},"s":{"a":0,"k":[100,100],"ix":3},"r":{"a":0,"k":0,"ix":6},"o":{"a":0,"k":100,"ix":7},"sk":{"a":0,"k":0,"ix":4},"sa":{"a":0,"k":0,"ix":5},"nm":"Transform"}],"nm":"Group 2","np":2,"cix":2,"ix":2,"mn":"ADBE Vector Group","hd":false},{"ty":"gr","it":[{"ind":0,"ty":"sh","ix":1,"ks":{"a":0,"k":{"i":[[0,0],[-36.646,0.313]],"o":[[36.921,0.115],[0,0]],"v":[[-52.781,0.041],[52.781,-0.157]],"c":false},"ix":2},"nm":"Path 1","mn":"ADBE Vector Shape - Group","hd":false},{"ty":"st","c":{"a":0,"k":[0.325,0.325,0.325,1],"ix":3},"o":{"a":0,"k":100,"ix":4},"w":{"a":0,"k":2,"ix":5},"lc":1,"lj":1,"ml":10,"ml2":{"a":0,"k":10,"ix":8},"nm":"Stroke 1","mn":"ADBE Vector Graphic - Stroke","hd":false},{"ty":"tr","p":{"a":0,"k":[357.16,104.283],"ix":2},"a":{"a":0,"k":[0,0],"ix":1},"s":{"a":0,"k":[100,100],"ix":3},"r":{"a":0,"k":0,"ix":6},"o":{"a":0,"k":100,"ix":7},"sk":{"a":0,"k":0,"ix":4},"sa":{"a":0,"k":0,"ix":5},"nm":"Transform"}],"nm":"Group 3","np":2,"cix":2,"ix":3,"mn":"ADBE Vector Group","hd":false},{"ty":"gr","it":[{"ind":0,"ty":"sh","ix":1,"ks":{"a":0,"k":{"i":[[0,0],[-29.902,0.312]],"o":[[29.895,0.312],[0,0]],"v":[[-44.398,-0.156],[44.398,-0.156]],"c":false},"ix":2},"nm":"Path 1","mn":"ADBE Vector Shape - Group","hd":false},{"ty":"st","c":{"a":0,"k":[0.325,0.325,0.325,1],"ix":3},"o":{"a":0,"k":100,"ix":4},"w":{"a":0,"k":2,"ix":5},"lc":1,"lj":1,"ml":10,"ml2":{"a":0,"k":10,"ix":8},"nm":"Stroke 1","mn":"ADBE Vector Graphic - Stroke","hd":false},{"ty":"tr","p":{"a":0,"k":[44.8,104.283],"ix":2},"a":{"a":0,"k":[0,0],"ix":1},"s":{"a":0,"k":[100,100],"ix":3},"r":{"a":0,"k":0,"ix":6},"o":{"a":0,"k":100,"ix":7},"sk":{"a":0,"k":0,"ix":4},"sa":{"a":0,"k":0,"ix":5},"nm":"Transform"}],"nm":"Group 4","np":2,"cix":2,"ix":4,"mn":"ADBE Vector Group","hd":false},{"ty":"gr","it":[{"ind":0,"ty":"sh","ix":1,"ks":{"a":0,"k":{"i":[[0,0],[-34.998,0.312]],"o":[[35.169,0.312],[0,0]],"v":[[-47.08,-0.156],[47.08,-0.156]],"c":false},"ix":2},"nm":"Path 1","mn":"ADBE Vector Shape - Group","hd":false},{"ty":"st","c":{"a":0,"k":[0.325,0.325,0.325,1],"ix":3},"o":{"a":0,"k":100,"ix":4},"w":{"a":0,"k":2,"ix":5},"lc":1,"lj":1,"ml":10,"ml2":{"a":0,"k":10,"ix":8},"nm":"Stroke 1","mn":"ADBE Vector Graphic - Stroke","hd":false},{"ty":"tr","p":{"a":0,"k":[152.214,104.283],"ix":2},"a":{"a":0,"k":[0,0],"ix":1},"s":{"a":0,"k":[100,100],"ix":3},"r":{"a":0,"k":0,"ix":6},"o":{"a":0,"k":100,"ix":7},"sk":{"a":0,"k":0,"ix":4},"sa":{"a":0,"k":0,"ix":5},"nm":"Transform"}],"nm":"Group 5","np":2,"cix":2,"ix":5,"mn":"ADBE Vector Group","hd":false}],"ip":0,"op":27,"st":0,"bm":0}],"markers":[]}